frame_index,timestamp,system_state,state_conf,inference_ms,is_event,event_type,triggered_rules
0,1773774290.302426,INITIALIZING,0.0,0.0,False,,
1,1773774290.3427134,INITIALIZING,0.0,0.0,False,,
2,1773774290.373541,INITIALIZING,0.0,0.0,False,,
3,1773774290.405374,INITIALIZING,0.0,0.0,False,,
4,1773774290.4372907,NORMAL,0.0,0.0,False,,
5,1773774290.4683156,NORMAL,0.0,0.0,False,,
6,1773774290.5011754,NORMAL,0.0,0.0,False,,
7,1773774290.5335917,NORMAL,0.0,0.0,False,,
8,1773774290.564693,NORMAL,0.0,0.0,False,,
9,1773774290.597184,NORMAL,0.0,0.0,False,,
10,1773774290.629247,NORMAL,0.0,0.0,False,,
11,1773774290.661113,NORMAL,0.0,0.0,False,,
12,1773774290.6943572,NORMAL,0.0,0.0,False,,
13,1773774290.7412682,NORMAL,0.0,0.0,False,,
14,1773774290.7732458,NORMAL,0.0,0.0,False,,
15,1773774290.8055904,NORMAL,0.0,0.0,False,,
16,1773774290.8375657,NORMAL,0.0,0.0,False,,
17,1773774290.869558,NORMAL,0.0,0.0,False,,
18,1773774290.900737,NORMAL,0.0,0.0,False,,
19,1773774290.9329743,NORMAL,0.0,0.0,False,,
20,1773774290.964897,NORMAL,0.0,0.0,False,,
21,1773774290.9969885,NORMAL,0.0,0.0,False,,
22,1773774291.0303311,NORMAL,0.0,0.0,False,,
23,1773774291.0614586,NORMAL,0.0,0.0,False,,
24,1773774291.0931427,NORMAL,0.0,0.0,False,,
25,1773774291.1428225,NORMAL,0.0,0.0,False,,
26,1773774291.1734178,NORMAL,0.0,0.0,False,,
27,1773774291.2046192,NORMAL,0.0,0.0,False,,
28,1773774291.2371736,NORMAL,0.0,0.0,False,,
29,1773774291.2693377,NORMAL,0.0,0.0,False,,
30,1773774291.3012154,NORMAL,0.0,0.0,False,,
31,1773774291.3327405,NORMAL,0.0,0.0,False,,
32,1773774291.3654654,NORMAL,0.0,0.0,False,,
33,1773774291.3971212,NORMAL,0.0,0.0,False,,
34,1773774291.4295855,NORMAL,0.0,0.0,False,,
35,1773774291.461538,NORMAL,0.0,0.0,False,,
36,1773774291.4934103,NORMAL,0.0,0.0,False,,
37,1773774291.5407338,NORMAL,0.0,0.0,False,,
38,1773774291.5732448,NORMAL,0.0,0.0,False,,
39,1773774291.6053324,NORMAL,0.0,0.0,False,,
40,1773774291.6371353,NORMAL,0.0,0.0,False,,
41,1773774291.6693609,NORMAL,0.0,0.0,False,,
42,1773774291.7015743,NORMAL,0.0,0.0,False,,
43,1773774291.7334504,NORMAL,0.0,0.0,False,,
44,1773774291.764677,NORMAL,0.0,0.0,False,,
45,1773774291.7971768,NORMAL,0.0,0.0,False,,
46,1773774291.8291628,NORMAL,0.0,0.0,False,,
47,1773774291.8611722,NORMAL,0.0,0.0,False,,
48,1773774291.8932164,NORMAL,0.0,0.0,False,,
49,1773774291.9411457,NORMAL,0.0,0.0,False,,
50,1773774291.9732192,NORMAL,0.0,0.0,False,,
51,1773774292.005405,NORMAL,0.0,0.0,False,,
52,1773774292.03719,NORMAL,0.0,0.0,False,,
53,1773774292.069177,NORMAL,0.0,0.0,False,,
54,1773774292.101149,NORMAL,0.0,0.0,False,,
55,1773774292.1333694,NORMAL,0.0,0.0,False,,
56,1773774292.1652303,NORMAL,0.0,0.0,False,,
57,1773774292.1966403,NORMAL,0.0,0.0,False,,
58,1773774292.229734,NORMAL,0.0,0.0,False,,
59,1773774292.261227,NORMAL,0.0,0.0,False,,
60,1773774292.2933335,NORMAL,0.0,0.0,False,,
61,1773774292.3427346,NORMAL,0.0,0.0,False,,
62,1773774292.3734772,NORMAL,0.0,0.0,False,,
63,1773774292.4053192,NORMAL,0.0,0.0,False,,
64,1773774292.4364073,NORMAL,0.0,0.0,False,,
65,1773774292.4694273,NORMAL,0.0,0.0,False,,
66,1773774292.5012233,NORMAL,0.0,0.0,False,,
67,1773774292.5332334,NORMAL,0.0,0.0,False,,
68,1773774292.5655777,NORMAL,0.0,0.0,False,,
69,1773774292.597213,NORMAL,0.0,0.0,False,,
70,1773774292.629194,NORMAL,0.0,0.0,False,,
71,1773774292.6614444,NORMAL,0.0,0.0,False,,
72,1773774292.6934261,NORMAL,0.0,0.0,False,,
73,1773774292.7410994,NORMAL,0.0,0.0,False,,
74,1773774292.7744162,NORMAL,0.0,0.0,False,,
75,1773774292.8054767,NORMAL,0.0,0.0,False,,
76,1773774292.8370328,NORMAL,0.0,0.0,False,,
77,1773774292.869358,NORMAL,0.0,0.0,False,,
78,1773774292.901191,NORMAL,0.0,0.0,False,,
79,1773774292.9332178,NORMAL,0.0,0.0,False,,
80,1773774292.9654276,NORMAL,0.0,0.0,False,,
81,1773774292.9975705,NORMAL,0.0,0.0,False,,
82,1773774293.0295496,NORMAL,0.0,0.0,False,,
83,1773774293.0609183,NORMAL,0.0,0.0,False,,
84,1773774293.0943074,NORMAL,0.0,0.0,False,,
85,1773774293.1412194,NORMAL,0.0,0.0,False,,
86,1773774293.17279,NORMAL,0.0,0.0,False,,
87,1773774293.205313,NORMAL,0.0,0.0,False,,
88,1773774293.2371707,NORMAL,0.0,0.0,False,,
89,1773774293.2696037,NORMAL,0.0,0.0,False,,
90,1773774293.3004854,NORMAL,0.0,0.0,False,,
91,1773774293.3339117,NORMAL,0.0,0.0,False,,
92,1773774293.3652627,NORMAL,0.0,0.0,False,,
93,1773774293.3974605,NORMAL,0.0,0.0,False,,
94,1773774293.4302325,NORMAL,0.0,0.0,False,,
95,1773774293.4612472,NORMAL,0.0,0.0,False,,
96,1773774293.4927423,NORMAL,0.0,0.0,False,,
97,1773774293.542335,NORMAL,0.0,0.0,False,,
98,1773774293.573711,NORMAL,0.0,0.0,False,,
99,1773774293.6056685,NORMAL,0.0,0.0,False,,
100,1773774293.6376584,NORMAL,0.0,0.0,False,,
101,1773774293.6694582,NORMAL,0.0,0.0,False,,
102,1773774293.7009723,NORMAL,0.0,0.0,False,,
103,1773774293.7332785,NORMAL,0.0,0.0,False,,
104,1773774293.765529,NORMAL,0.0,0.0,False,,
105,1773774293.797216,NORMAL,0.0,0.0,False,,
106,1773774293.8292334,NORMAL,0.0,0.0,False,,
107,1773774293.8613846,NORMAL,0.0,0.0,False,,
108,1773774293.8931968,NORMAL,0.0,0.0,False,,
109,1773774293.940753,NORMAL,0.0,0.0,False,,
110,1773774293.972841,NORMAL,0.0,0.0,False,,
111,1773774294.0054684,NORMAL,0.0,0.0,False,,
112,1773774294.0372257,NORMAL,0.0,0.0,False,,
113,1773774294.069383,NORMAL,0.0,0.0,False,,
114,1773774294.1012251,NORMAL,0.0,0.0,False,,
115,1773774294.1332543,NORMAL,0.0,0.0,False,,
116,1773774294.1653156,NORMAL,0.0,0.0,False,,
117,1773774294.197121,NORMAL,0.0,0.0,False,,
118,1773774294.2292523,NORMAL,0.0,0.0,False,,
119,1773774294.261327,NORMAL,0.0,0.0,False,,
120,1773774294.293888,NORMAL,0.0,0.0,False,,
121,1773774294.341079,NORMAL,0.0,0.0,False,,
122,1773774294.3732178,NORMAL,0.0,0.0,False,,
123,1773774294.4051242,NORMAL,0.0,0.0,False,,
124,1773774294.4373622,NORMAL,0.0,0.0,False,,
125,1773774294.4689677,NORMAL,0.0,0.0,False,,
126,1773774294.5011477,NORMAL,0.0,0.0,False,,
127,1773774294.533294,NORMAL,0.0,0.0,False,,
128,1773774294.5663347,NORMAL,0.0,0.0,False,,
129,1773774294.5972672,NORMAL,0.0,0.0,False,,
130,1773774294.6291342,NORMAL,0.0,0.0,False,,
131,1773774294.6610627,NORMAL,0.0,0.0,False,,
132,1773774294.6945853,NORMAL,0.0,0.0,False,,
133,1773774294.7411408,NORMAL,0.0,0.0,False,,
134,1773774294.773213,NORMAL,0.0,0.0,False,,
135,1773774294.805836,NORMAL,0.0,0.0,False,,
136,1773774294.8373404,NORMAL,0.0,0.0,False,,
137,1773774294.8689933,NORMAL,0.0,0.0,False,,
138,1773774294.901122,NORMAL,0.0,0.0,False,,
139,1773774294.9333367,NORMAL,0.0,0.0,False,,
140,1773774294.9649234,NORMAL,0.0,0.0,False,,
141,1773774294.997524,NORMAL,0.0,0.0,False,,
142,1773774295.0294468,NORMAL,0.0,0.0,False,,
143,1773774295.0611193,NORMAL,0.0,0.0,False,,
144,1773774295.0934744,NORMAL,0.0,0.0,False,,
145,1773774295.1423757,NORMAL,0.0,0.0,False,,
146,1773774295.1740563,NORMAL,0.0,0.0,False,,
147,1773774295.2060537,NORMAL,0.0,0.0,False,,
148,1773774295.237704,NORMAL,0.0,0.0,False,,
149,1773774295.269548,NORMAL,0.0,0.0,False,,
150,1773774295.3014033,NORMAL,0.0,0.0,False,,
151,1773774295.333468,NORMAL,0.0,0.0,False,,
152,1773774295.3653562,NORMAL,0.0,0.0,False,,
153,1773774295.397328,NORMAL,0.0,0.0,False,,
154,1773774295.4291973,NORMAL,0.0,0.0,False,,
155,1773774295.4603763,NORMAL,0.0,0.0,False,,
156,1773774295.4931402,NORMAL,0.0,0.0,False,,
157,1773774295.541965,NORMAL,0.0,0.0,False,,
158,1773774295.573445,NORMAL,0.0,0.0,False,,
159,1773774295.605526,NORMAL,0.0,0.0,False,,
160,1773774295.6371782,NORMAL,0.0,0.0,False,,
161,1773774295.6691418,NORMAL,0.0,0.0,False,,
162,1773774295.7011964,NORMAL,0.0,0.0,False,,
163,1773774295.7332377,NORMAL,0.0,0.0,False,,
164,1773774295.7652364,NORMAL,0.0,0.0,False,,
165,1773774295.7971745,NORMAL,0.0,0.0,False,,
166,1773774295.8295345,NORMAL,0.0,0.0,False,,
167,1773774295.861308,NORMAL,0.0,0.0,False,,
168,1773774295.8933866,NORMAL,0.0,0.0,False,,
169,1773774295.9411101,NORMAL,0.0,0.0,False,,
170,1773774295.9728117,NORMAL,0.0,0.0,False,,
171,1773774296.005422,NORMAL,0.0,0.0,False,,
172,1773774296.0371566,NORMAL,0.0,0.0,False,,
173,1773774296.069173,NORMAL,0.0,0.0,False,,
174,1773774296.1011393,NORMAL,0.0,0.0,False,,
175,1773774296.1332717,NORMAL,0.0,0.0,False,,
176,1773774296.1654491,NORMAL,0.0,0.0,False,,
177,1773774296.196933,NORMAL,0.0,0.0,False,,
178,1773774296.2292488,NORMAL,0.0,0.0,False,,
179,1773774296.2614558,NORMAL,0.0,0.0,False,,
180,1773774296.2934017,NORMAL,0.0,0.0,False,,
181,1773774296.3416326,NORMAL,0.0,0.0,False,,
182,1773774296.3736022,NORMAL,0.0,0.0,False,,
183,1773774296.4072995,NORMAL,0.0,0.0,False,,
184,1773774296.4391391,NORMAL,0.0,0.0,False,,
185,1773774296.4691868,NORMAL,0.0,0.0,False,,
186,1773774296.5005198,NORMAL,0.0,0.0,False,,
187,1773774296.532988,NORMAL,0.0,0.0,False,,
188,1773774296.5661564,NORMAL,0.0,0.0,False,,
189,1773774296.5974324,NORMAL,0.0,0.0,False,,
190,1773774296.6292176,NORMAL,0.0,0.0,False,,
191,1773774296.6611438,NORMAL,0.0,0.0,False,,
192,1773774296.6932647,NORMAL,0.0,0.0,False,,
193,1773774296.7411852,NORMAL,0.0,0.0,False,,
194,1773774296.7732096,NORMAL,0.0,0.0,False,,
195,1773774296.8052974,NORMAL,0.0,0.0,False,,
196,1773774296.8366961,NORMAL,0.0,0.0,False,,
197,1773774296.8694665,NORMAL,0.0,0.0,False,,
198,1773774296.901497,NORMAL,0.0,0.0,False,,
199,1773774296.9332516,NORMAL,0.0,0.0,False,,
200,1773774296.965336,NORMAL,0.0,0.0,False,,
201,1773774296.9972,NORMAL,0.0,0.0,False,,
202,1773774297.0291817,NORMAL,0.0,0.0,False,,
203,1773774297.061154,NORMAL,0.0,0.0,False,,
204,1773774297.0932727,NORMAL,0.0,0.0,False,,
205,1773774297.1414864,NORMAL,0.0,0.0,False,,
206,1773774297.1730707,NORMAL,0.0,0.0,False,,
207,1773774297.2058234,NORMAL,0.0,0.0,False,,
208,1773774297.237431,NORMAL,0.0,0.0,False,,
209,1773774297.2692559,NORMAL,0.0,0.0,False,,
210,1773774297.3010573,NORMAL,0.0,0.0,False,,
211,1773774297.3334682,NORMAL,0.0,0.0,False,,
212,1773774297.3652754,NORMAL,0.0,0.0,False,,
213,1773774297.3973343,NORMAL,0.0,0.0,False,,
214,1773774297.4291127,NORMAL,0.0,0.0,False,,
215,1773774297.4613328,NORMAL,0.0,0.0,False,,
216,1773774297.4923356,NORMAL,0.0,0.0,False,,
217,1773774297.541664,NORMAL,0.0,0.0,False,,
218,1773774297.573471,NORMAL,0.0,0.0,False,,
219,1773774297.605285,NORMAL,0.0,0.0,False,,
220,1773774297.6372654,NORMAL,0.0,0.0,False,,
221,1773774297.6691682,NORMAL,0.0,0.0,False,,
222,1773774297.7011693,NORMAL,0.0,0.0,False,,
223,1773774297.7333174,NORMAL,0.0,0.0,False,,
224,1773774297.7654881,NORMAL,0.0,0.0,False,,
225,1773774297.7974749,NORMAL,0.0,0.0,False,,
226,1773774297.8292809,NORMAL,0.0,0.0,False,,
227,1773774297.8610795,NORMAL,0.0,0.0,False,,
228,1773774297.8933005,NORMAL,0.0,0.0,False,,
229,1773774297.9414825,NORMAL,0.0,0.0,False,,
230,1773774297.9734843,NORMAL,0.0,0.0,False,,
231,1773774298.0046284,NORMAL,0.0,0.0,False,,
232,1773774298.0388324,NORMAL,0.0,0.0,False,,
233,1773774298.0695589,NORMAL,0.0,0.0,False,,
234,1773774298.1013565,NORMAL,0.0,0.0,False,,
235,1773774298.133424,NORMAL,0.0,0.0,False,,
236,1773774298.1656134,NORMAL,0.0,0.0,False,,
237,1773774298.1973746,NORMAL,0.0,0.0,False,,
238,1773774298.229231,NORMAL,0.0,0.0,False,,
239,1773774298.2611492,NORMAL,0.0,0.0,False,,
240,1773774298.2931695,NORMAL,0.0,0.0,False,,
241,1773774298.3417385,NORMAL,0.0,0.0,False,,
242,1773774298.3733747,NORMAL,0.0,0.0,False,,
243,1773774298.405241,NORMAL,0.0,0.0,False,,
244,1773774298.4371684,NORMAL,0.0,0.0,False,,
245,1773774298.4689302,NORMAL,0.0,0.0,False,,
246,1773774298.5007288,NORMAL,0.0,0.0,False,,
247,1773774298.5327966,NORMAL,0.0,0.0,False,,
248,1773774298.5653834,NORMAL,0.0,0.0,False,,
249,1773774298.597254,NORMAL,0.0,0.0,False,,
250,1773774298.6291327,NORMAL,0.0,0.0,False,,
251,1773774298.6613815,NORMAL,0.0,0.0,False,,
252,1773774298.6935163,NORMAL,0.0,0.0,False,,
253,1773774298.7411513,NORMAL,0.0,0.0,False,,
254,1773774298.7732992,NORMAL,0.0,0.0,False,,
255,1773774298.805315,NORMAL,0.0,0.0,False,,
256,1773774298.8374481,NORMAL,0.0,0.0,False,,
257,1773774298.8692987,NORMAL,0.0,0.0,False,,
258,1773774298.9011319,NORMAL,0.0,0.0,False,,
259,1773774298.9333951,NORMAL,0.0,0.0,False,,
260,1773774298.9653597,NORMAL,0.0,0.0,False,,
261,1773774298.9966261,NORMAL,0.0,0.0,False,,
262,1773774299.029136,NORMAL,0.0,0.0,False,,
263,1773774299.0610607,NORMAL,0.0,0.0,False,,
264,1773774299.0935533,NORMAL,0.0,0.0,False,,
265,1773774299.1411636,NORMAL,0.0,0.0,False,,
266,1773774299.1732588,NORMAL,0.0,0.0,False,,
267,1773774299.2066994,NORMAL,0.0,0.0,False,,
268,1773774299.2373848,NORMAL,0.0,0.0,False,,
269,1773774299.2693973,NORMAL,0.0,0.0,False,,
270,1773774299.301535,NORMAL,0.0,0.0,False,,
271,1773774299.3330011,NORMAL,0.0,0.0,False,,
272,1773774299.3652132,NORMAL,0.0,0.0,False,,
273,1773774299.3977711,NORMAL,0.0,0.0,False,,
274,1773774299.4294684,NORMAL,0.0,0.0,False,,
275,1773774299.4613948,NORMAL,0.0,0.0,False,,
276,1773774299.493224,NORMAL,0.0,0.0,False,,
277,1773774299.5422935,NORMAL,0.0,0.0,False,,
278,1773774299.5732968,NORMAL,0.0,0.0,False,,
279,1773774299.6053252,NORMAL,0.0,0.0,False,,
280,1773774299.6373353,NORMAL,0.0,0.0,False,,
281,1773774299.6695557,NORMAL,0.0,0.0,False,,
282,1773774299.7013586,NORMAL,0.0,0.0,False,,
283,1773774299.7333162,NORMAL,0.0,0.0,False,,
284,1773774299.765257,NORMAL,0.0,0.0,False,,
285,1773774299.7971504,NORMAL,0.0,0.0,False,,
286,1773774299.8292048,NORMAL,0.0,0.0,False,,
287,1773774299.8607333,NORMAL,0.0,0.0,False,,
288,1773774299.893387,NORMAL,0.0,0.0,False,,
289,1773774299.9411333,NORMAL,0.0,0.0,False,,
290,1773774299.9738374,NORMAL,0.0,0.0,False,,
291,1773774300.0048637,NORMAL,0.0,0.0,False,,
292,1773774300.0375528,NORMAL,0.0,0.0,False,,
293,1773774300.069172,NORMAL,0.0,0.0,False,,
294,1773774300.1014686,NORMAL,0.0,0.0,False,,
295,1773774300.1342123,NORMAL,0.0,0.0,False,,
296,1773774300.1653068,NORMAL,0.0,0.0,False,,
297,1773774300.1973596,NORMAL,0.0,0.0,False,,
298,1773774300.2291589,NORMAL,0.0,0.0,False,,
299,1773774300.261284,NORMAL,0.0,0.0,False,,
300,1773774300.2931788,NORMAL,0.0,0.0,False,,
301,1773774300.341274,NORMAL,0.0,0.0,False,,
302,1773774300.3733234,NORMAL,0.0,0.0,False,,
303,1773774300.4053342,NORMAL,0.0,0.0,False,,
304,1773774300.437199,NORMAL,0.0,0.0,False,,
305,1773774300.4691408,NORMAL,0.0,0.0,False,,
306,1773774300.5009122,NORMAL,0.0,0.0,False,,
307,1773774300.5333238,NORMAL,0.0,0.0,False,,
308,1773774300.5653057,NORMAL,0.0,0.0,False,,
309,1773774300.5971584,NORMAL,0.0,0.0,False,,
310,1773774300.6291628,NORMAL,0.0,0.0,False,,
311,1773774300.6615846,NORMAL,0.0,0.0,False,,
312,1773774300.694175,NORMAL,0.0,0.0,False,,
313,1773774300.7411594,NORMAL,0.0,0.0,False,,
314,1773774300.773215,NORMAL,0.0,0.0,False,,
315,1773774300.8053534,NORMAL,0.0,0.0,False,,
316,1773774300.83758,NORMAL,0.0,0.0,False,,
317,1773774300.8693876,NORMAL,0.0,0.0,False,,
318,1773774300.901318,NORMAL,0.0,0.0,False,,
319,1773774300.9327536,NORMAL,0.0,0.0,False,,
320,1773774300.9653852,NORMAL,0.0,0.0,False,,
321,1773774300.997181,NORMAL,0.0,0.0,False,,
322,1773774301.029271,NORMAL,0.0,0.0,False,,
323,1773774301.0613906,NORMAL,0.0,0.0,False,,
324,1773774301.0932124,NORMAL,0.0,0.0,False,,
325,1773774301.1407707,NORMAL,0.0,0.0,False,,
326,1773774301.1732287,NORMAL,0.0,0.0,False,,
327,1773774301.2053218,NORMAL,0.0,0.0,False,,
328,1773774301.2372234,NORMAL,0.0,0.0,False,,
329,1773774301.2690918,NORMAL,0.0,0.0,False,,
330,1773774301.301165,NORMAL,0.0,0.0,False,,
331,1773774301.3334725,NORMAL,0.0,0.0,False,,
332,1773774301.3650885,NORMAL,0.0,0.0,False,,
333,1773774301.3974004,NORMAL,0.0,0.0,False,,
334,1773774301.4295077,NORMAL,0.0,0.0,False,,
335,1773774301.4614162,NORMAL,0.0,0.0,False,,
336,1773774301.49316,NORMAL,0.0,0.0,False,,
337,1773774301.5411494,NORMAL,0.0,0.0,False,,
338,1773774301.573574,NORMAL,0.0,0.0,False,,
339,1773774301.605219,NORMAL,0.0,0.0,False,,
340,1773774301.6371205,NORMAL,0.0,0.0,False,,
341,1773774301.6696103,NORMAL,0.0,0.0,False,,
342,1773774301.7011328,NORMAL,0.0,0.0,False,,
343,1773774301.7340927,NORMAL,0.0,0.0,False,,
344,1773774301.7654603,NORMAL,0.0,0.0,False,,
345,1773774301.7971747,NORMAL,0.0,0.0,False,,
346,1773774301.8291254,NORMAL,0.0,0.0,False,,
347,1773774301.8610857,NORMAL,0.0,0.0,False,,
348,1773774301.8937285,NORMAL,0.0,0.0,False,,
349,1773774301.941174,NORMAL,0.0,0.0,False,,
350,1773774301.9732258,NORMAL,0.0,0.0,False,,
351,1773774302.0065322,NORMAL,0.0,0.0,False,,
352,1773774302.0371933,NORMAL,0.0,0.0,False,,
353,1773774302.0694733,NORMAL,0.0,0.0,False,,
354,1773774302.1013937,NORMAL,0.0,0.0,False,,
355,1773774302.133234,NORMAL,0.0,0.0,False,,
356,1773774302.1659708,NORMAL,0.0,0.0,False,,
357,1773774302.1973956,NORMAL,0.0,0.0,False,,
358,1773774302.229487,NORMAL,0.0,0.0,False,,
359,1773774302.2613642,NORMAL,0.0,0.0,False,,
360,1773774302.293193,NORMAL,0.0,0.0,False,,
361,1773774302.3411403,NORMAL,0.0,0.0,False,,
362,1773774302.373483,NORMAL,0.0,0.0,False,,
363,1773774302.4053965,NORMAL,0.0,0.0,False,,
364,1773774302.43719,NORMAL,0.0,0.0,False,,
365,1773774302.4696853,NORMAL,0.0,0.0,False,,
366,1773774302.5015254,NORMAL,0.0,0.0,False,,
367,1773774302.533411,NORMAL,0.0,0.0,False,,
368,1773774302.5655692,NORMAL,0.0,0.0,False,,
369,1773774302.5972965,NORMAL,0.0,0.0,False,,
370,1773774302.6286793,NORMAL,0.0,0.0,False,,
371,1773774302.6611543,NORMAL,0.0,0.0,False,,
372,1773774302.693206,NORMAL,0.0,0.0,False,,
373,1773774302.74109,NORMAL,0.0,0.0,False,,
374,1773774302.7732186,NORMAL,0.0,0.0,False,,
375,1773774302.80526,NORMAL,0.0,0.0,False,,
376,1773774302.8366706,NORMAL,0.0,0.0,False,,
377,1773774302.869117,NORMAL,0.0,0.0,False,,
378,1773774302.9013853,NORMAL,0.0,0.0,False,,
379,1773774302.9333382,NORMAL,0.0,0.0,False,,
380,1773774302.9652474,NORMAL,0.0,0.0,False,,
381,1773774302.9971428,NORMAL,0.0,0.0,False,,
382,1773774303.0284886,NORMAL,0.0,0.0,False,,
383,1773774303.060628,NORMAL,0.0,0.0,False,,
384,1773774303.0934033,NORMAL,0.0,0.0,False,,
385,1773774303.1411574,NORMAL,0.0,0.0,False,,
386,1773774303.174193,NORMAL,0.0,0.0,False,,
387,1773774303.20524,NORMAL,0.0,0.0,False,,
388,1773774303.2371356,NORMAL,0.0,0.0,False,,
389,1773774303.2691522,NORMAL,0.0,0.0,False,,
390,1773774303.3011456,NORMAL,0.0,0.0,False,,
391,1773774303.3332458,NORMAL,0.0,0.0,False,,
392,1773774303.3652043,NORMAL,0.0,0.0,False,,
393,1773774303.397159,NORMAL,0.0,0.0,False,,
394,1773774303.42916,NORMAL,0.0,0.0,False,,
395,1773774303.461236,NORMAL,0.0,0.0,False,,
396,1773774303.4945545,NORMAL,0.0,0.0,False,,
397,1773774303.5413275,NORMAL,0.0,0.0,False,,
398,1773774303.573222,NORMAL,0.0,0.0,False,,
399,1773774303.6052191,NORMAL,0.0,0.0,False,,
400,1773774303.6370645,NORMAL,0.0,0.0,False,,
401,1773774303.6691513,NORMAL,0.0,0.0,False,,
402,1773774303.7015464,NORMAL,0.0,0.0,False,,
403,1773774303.7333734,NORMAL,0.0,0.0,False,,
404,1773774303.7654335,NORMAL,0.0,0.0,False,,
405,1773774303.7971838,NORMAL,0.0,0.0,False,,
406,1773774303.8291183,NORMAL,0.0,0.0,False,,
407,1773774303.86103,NORMAL,0.0,0.0,False,,
408,1773774303.893334,NORMAL,0.0,0.0,False,,
409,1773774303.9411323,NORMAL,0.0,0.0,False,,
410,1773774303.9731622,NORMAL,0.0,0.0,False,,
411,1773774304.0059075,NORMAL,0.0,0.0,False,,
412,1773774304.036736,NORMAL,0.0,0.0,False,,
413,1773774304.069537,NORMAL,0.0,0.0,False,,
414,1773774304.1012964,NORMAL,0.0,0.0,False,,
415,1773774304.1334546,NORMAL,0.0,0.0,False,,
416,1773774304.1652622,NORMAL,0.0,0.0,False,,
417,1773774304.197068,NORMAL,0.0,0.0,False,,
418,1773774304.2291534,NORMAL,0.0,0.0,False,,
419,1773774304.2610977,NORMAL,0.0,0.0,False,,
420,1773774304.2931242,NORMAL,0.0,0.0,False,,
421,1773774304.3410945,NORMAL,0.0,0.0,False,,
422,1773774304.3733625,NORMAL,0.0,0.0,False,,
423,1773774304.4051425,NORMAL,0.0,0.0,False,,
424,1773774304.437121,NORMAL,0.0,0.0,False,,
425,1773774304.4691687,NORMAL,0.0,0.0,False,,
426,1773774304.5010738,NORMAL,0.0,0.0,False,,
427,1773774304.5331829,NORMAL,0.0,0.0,False,,
428,1773774304.565537,NORMAL,0.0,0.0,False,,
429,1773774304.5978136,NORMAL,0.0,0.0,False,,
430,1773774304.6293538,NORMAL,0.0,0.0,False,,
431,1773774304.6606555,NORMAL,0.0,0.0,False,,
432,1773774304.6933494,NORMAL,0.0,0.0,False,,
433,1773774304.7413676,NORMAL,0.0,0.0,False,,
434,1773774304.7732034,NORMAL,0.0,0.0,False,,
435,1773774304.805807,NORMAL,0.0,0.0,False,,
436,1773774304.837184,NORMAL,0.0,0.0,False,,
437,1773774304.868623,NORMAL,0.0,0.0,False,,
438,1773774304.9011467,NORMAL,0.0,0.0,False,,
439,1773774304.9333818,NORMAL,0.0,0.0,False,,
440,1773774304.965191,NORMAL,0.0,0.0,False,,
441,1773774304.9966908,NORMAL,0.0,0.0,False,,
442,1773774305.0286884,NORMAL,0.0,0.0,False,,
443,1773774305.0610611,NORMAL,0.0,0.0,False,,
444,1773774305.0934277,NORMAL,0.0,0.0,False,,
445,1773774305.125461,NORMAL,0.0,0.0,False,,
446,1773774305.1738732,NORMAL,0.0,0.0,False,,
447,1773774305.2059171,NORMAL,0.0,0.0,False,,
448,1773774305.2379565,NORMAL,0.0,0.0,False,,
449,1773774305.2693832,NORMAL,0.0,0.0,False,,
450,1773774305.3013992,NORMAL,0.0,0.0,False,,
451,1773774305.333418,NORMAL,0.0,0.0,False,,
452,1773774305.3654473,NORMAL,0.0,0.0,False,,
453,1773774305.397323,NORMAL,0.0,0.0,False,,
454,1773774305.4293098,NORMAL,0.0,0.0,False,,
455,1773774305.4610677,NORMAL,0.0,0.0,False,,
456,1773774305.493133,NORMAL,0.0,0.0,False,,
457,1773774305.5251863,NORMAL,0.0,0.0,False,,
458,1773774305.5734596,NORMAL,0.0,0.0,False,,
459,1773774305.6054583,NORMAL,0.0,0.0,False,,
460,1773774305.6381805,NORMAL,0.0,0.0,False,,
461,1773774305.6690829,NORMAL,0.0,0.0,False,,
462,1773774305.7011962,NORMAL,0.0,0.0,False,,
463,1773774305.7332098,NORMAL,0.0,0.0,False,,
464,1773774305.766193,NORMAL,0.0,0.0,False,,
465,1773774305.7972312,NORMAL,0.0,0.0,False,,
466,1773774305.8294408,NORMAL,0.0,0.0,False,,
467,1773774305.8608727,NORMAL,0.0,0.0,False,,
468,1773774305.893286,NORMAL,0.0,0.0,False,,
469,1773774305.9251232,NORMAL,0.0,0.0,False,,
470,1773774305.9731948,NORMAL,0.0,0.0,False,,
471,1773774306.0053499,NORMAL,0.0,0.0,False,,
472,1773774306.0371296,NORMAL,0.0,0.0,False,,
473,1773774306.0688114,NORMAL,0.0,0.0,False,,
474,1773774306.1010613,NORMAL,0.0,0.0,False,,
475,1773774306.1339495,NORMAL,0.0,0.0,False,,
476,1773774306.1647494,NORMAL,0.0,0.0,False,,
477,1773774306.1973686,NORMAL,0.0,0.0,False,,
478,1773774306.2290938,NORMAL,0.0,0.0,False,,
479,1773774306.2614412,NORMAL,0.0,0.0,False,,
480,1773774306.2933133,NORMAL,0.0,0.0,False,,
481,1773774306.325188,NORMAL,0.0,0.0,False,,
482,1773774306.3733072,NORMAL,0.0,0.0,False,,
483,1773774306.406539,NORMAL,0.0,0.0,False,,
484,1773774306.437342,NORMAL,0.0,0.0,False,,
485,1773774306.4694023,NORMAL,0.0,0.0,False,,
486,1773774306.5016108,NORMAL,0.0,0.0,False,,
487,1773774306.5342813,NORMAL,0.0,0.0,False,,
488,1773774306.5665767,NORMAL,0.0,0.0,False,,
489,1773774306.5965905,NORMAL,0.0,0.0,False,,
490,1773774306.6290965,NORMAL,0.0,0.0,False,,
491,1773774306.6610684,NORMAL,0.0,0.0,False,,
492,1773774306.6932948,NORMAL,0.0,0.0,False,,
493,1773774306.7254608,NORMAL,0.0,0.0,False,,
494,1773774306.7731776,NORMAL,0.0,0.0,False,,
495,1773774306.8048737,NORMAL,0.0,0.0,False,,
496,1773774306.837069,NORMAL,0.0,0.0,False,,
497,1773774306.8698862,NORMAL,0.0,0.0,False,,
498,1773774306.901407,NORMAL,0.0,0.0,False,,
499,1773774306.9334495,NORMAL,0.0,0.0,False,,
500,1773774306.9655309,NORMAL,0.0,0.0,False,,
501,1773774306.997251,NORMAL,0.0,0.0,False,,
502,1773774307.0288298,NORMAL,0.0,0.0,False,,
503,1773774307.0609386,NORMAL,0.0,0.0,False,,
504,1773774307.0931702,NORMAL,0.0,0.0,False,,
505,1773774307.1256623,NORMAL,0.0,0.0,False,,
506,1773774307.1732023,NORMAL,0.0,0.0,False,,
507,1773774307.2052102,NORMAL,0.0,0.0,False,,
508,1773774307.2373097,NORMAL,0.0,0.0,False,,
509,1773774307.26913,NORMAL,0.0,0.0,False,,
510,1773774307.3011515,NORMAL,0.0,0.0,False,,
511,1773774307.3334875,NORMAL,0.0,0.0,False,,
512,1773774307.3654132,NORMAL,0.0,0.0,False,,
513,1773774307.3971486,NORMAL,0.0,0.0,False,,
514,1773774307.4293451,NORMAL,0.0,0.0,False,,
515,1773774307.4620311,NORMAL,0.0,0.0,False,,
516,1773774307.4934218,NORMAL,0.0,0.0,False,,
517,1773774307.5253139,NORMAL,0.0,0.0,False,,
518,1773774307.5725317,NORMAL,0.0,0.0,False,,
519,1773774307.6052117,NORMAL,0.0,0.0,False,,
520,1773774307.637141,NORMAL,0.0,0.0,False,,
521,1773774307.6690595,NORMAL,0.0,0.0,False,,
522,1773774307.7015154,NORMAL,0.0,0.0,False,,
523,1773774307.733295,NORMAL,0.0,0.0,False,,
524,1773774307.765233,NORMAL,0.0,0.0,False,,
525,1773774307.7974029,NORMAL,0.0,0.0,False,,
526,1773774307.8294528,NORMAL,0.0,0.0,False,,
527,1773774307.8610494,NORMAL,0.0,0.0,False,,
528,1773774307.8927696,NORMAL,0.0,0.0,False,,
529,1773774307.9253807,NORMAL,0.0,0.0,False,,
530,1773774307.9733348,NORMAL,0.0,0.0,False,,
531,1773774308.005519,NORMAL,0.0,0.0,False,,
532,1773774308.0372891,NORMAL,0.0,0.0,False,,
533,1773774308.0686398,NORMAL,0.0,0.0,False,,
534,1773774308.1006746,NORMAL,0.0,0.0,False,,
535,1773774308.13319,NORMAL,0.0,0.0,False,,
536,1773774308.1652923,NORMAL,0.0,0.0,False,,
537,1773774308.1971653,NORMAL,0.0,0.0,False,,
538,1773774308.2294602,NORMAL,0.0,0.0,False,,
539,1773774308.261776,NORMAL,0.0,0.0,False,,
540,1773774308.2934818,NORMAL,0.0,0.0,False,,
541,1773774308.327058,NORMAL,0.0,0.0,False,,
542,1773774308.3731463,NORMAL,0.0,0.0,False,,
543,1773774308.4051077,NORMAL,0.0,0.0,False,,
544,1773774308.4369135,NORMAL,0.0,0.0,False,,
545,1773774308.4697444,NORMAL,0.0,0.0,False,,
546,1773774308.5014937,NORMAL,0.0,0.0,False,,
547,1773774308.5334547,NORMAL,0.0,0.0,False,,
548,1773774308.5669115,NORMAL,0.0,0.0,False,,
549,1773774308.5971923,NORMAL,0.0,0.0,False,,
550,1773774308.6294656,NORMAL,0.0,0.0,False,,
551,1773774308.6611223,NORMAL,0.0,0.0,False,,
552,1773774308.6932855,NORMAL,0.0,0.0,False,,
553,1773774308.725186,NORMAL,0.0,0.0,False,,
554,1773774308.773394,NORMAL,0.0,0.0,False,,
555,1773774308.805404,NORMAL,0.0,0.0,False,,
556,1773774308.8371255,NORMAL,0.0,0.0,False,,
557,1773774308.8685868,NORMAL,0.0,0.0,False,,
558,1773774308.9010844,NORMAL,0.0,0.0,False,,
559,1773774308.9341033,NORMAL,0.0,0.0,False,,
560,1773774308.9656086,NORMAL,0.0,0.0,False,,
561,1773774308.9972816,NORMAL,0.0,0.0,False,,
562,1773774309.0291233,NORMAL,0.0,0.0,False,,
563,1773774309.0611956,NORMAL,0.0,0.0,False,,
564,1773774309.092708,NORMAL,0.0,0.0,False,,
565,1773774309.1252255,NORMAL,0.0,0.0,False,,
566,1773774309.1732585,NORMAL,0.0,0.0,False,,
567,1773774309.204743,NORMAL,0.0,0.0,False,,
568,1773774309.2371206,NORMAL,0.0,0.0,False,,
569,1773774309.2691622,NORMAL,0.0,0.0,False,,
570,1773774309.3011484,NORMAL,0.0,0.0,False,,
571,1773774309.333738,NORMAL,0.0,0.0,False,,
572,1773774309.3659666,NORMAL,0.0,0.0,False,,
573,1773774309.397415,NORMAL,0.0,0.0,False,,
574,1773774309.4293475,NORMAL,0.0,0.0,False,,
575,1773774309.4610326,NORMAL,0.0,0.0,False,,
576,1773774309.4932232,NORMAL,0.0,0.0,False,,
577,1773774309.5249994,NORMAL,0.0,0.0,False,,
578,1773774309.5732007,NORMAL,0.0,0.0,False,,
579,1773774309.6051779,NORMAL,0.0,0.0,False,,
580,1773774309.6696012,NORMAL,0.0,0.0,False,,
581,1773774309.6767726,NORMAL,0.0,0.0,False,,
582,1773774309.7017908,NORMAL,0.0,0.0,False,,
583,1773774309.733462,NORMAL,0.0,0.0,False,,
584,1773774309.7652404,NORMAL,0.0,0.0,False,,
585,1773774309.797247,NORMAL,0.0,0.0,False,,
586,1773774309.8291497,NORMAL,0.0,0.0,False,,
587,1773774309.8608937,NORMAL,0.0,0.0,False,,
588,1773774309.8934202,NORMAL,0.0,0.0,False,,
589,1773774309.9266393,NORMAL,0.0,0.0,False,,
590,1773774309.9726923,NORMAL,0.0,0.0,False,,
591,1773774310.0057764,NORMAL,0.0,0.0,False,,
592,1773774310.0374842,NORMAL,0.0,0.0,False,,
593,1773774310.0695145,NORMAL,0.0,0.0,False,,
594,1773774310.1014447,NORMAL,0.0,0.0,False,,
595,1773774310.134117,NORMAL,0.0,0.0,False,,
596,1773774310.1645238,NORMAL,0.0,0.0,False,,
597,1773774310.1970944,NORMAL,0.0,0.0,False,,
598,1773774310.229252,NORMAL,0.0,0.0,False,,
599,1773774310.2611063,NORMAL,0.0,0.0,False,,
600,1773774310.2931373,NORMAL,0.0,0.0,False,,
601,1773774310.325142,NORMAL,0.0,0.0,False,,
602,1773774310.373323,NORMAL,0.0,0.0,False,,
603,1773774310.4051785,NORMAL,0.0,0.0,False,,
604,1773774310.437107,NORMAL,0.0,0.0,False,,
605,1773774310.4691305,NORMAL,0.0,0.0,False,,
606,1773774310.5010753,NORMAL,0.0,0.0,False,,
607,1773774310.533168,NORMAL,0.0,0.0,False,,
608,1773774310.5653622,NORMAL,0.0,0.0,False,,
609,1773774310.5968356,NORMAL,0.0,0.0,False,,
610,1773774310.6293962,NORMAL,0.0,0.0,False,,
611,1773774310.6613228,NORMAL,0.0,0.0,False,,
612,1773774310.6933742,NORMAL,0.0,0.0,False,,
613,1773774310.7252254,NORMAL,0.0,0.0,False,,
614,1773774310.7733078,NORMAL,0.0,0.0,False,,
615,1773774310.8049645,NORMAL,0.0,0.0,False,,
616,1773774310.837148,NORMAL,0.0,0.0,False,,
617,1773774310.8690915,NORMAL,0.0,0.0,False,,
618,1773774310.9011164,NORMAL,0.0,0.0,False,,
619,1773774310.9333174,NORMAL,0.0,0.0,False,,
620,1773774310.965202,NORMAL,0.0,0.0,False,,
621,1773774310.99738,NORMAL,0.0,0.0,False,,
622,1773774311.0295331,NORMAL,0.0,0.0,False,,
623,1773774311.0611165,NORMAL,0.0,0.0,False,,
624,1773774311.0930104,NORMAL,0.0,0.0,False,,
625,1773774311.124736,NORMAL,0.0,0.0,False,,
626,1773774311.1736708,NORMAL,0.0,0.0,False,,
627,1773774311.205483,NORMAL,0.0,0.0,False,,
628,1773774311.2376537,NORMAL,0.0,0.0,False,,
629,1773774311.269378,NORMAL,0.0,0.0,False,,
630,1773774311.3014717,NORMAL,0.0,0.0,False,,
631,1773774311.3333986,NORMAL,0.0,0.0,False,,
632,1773774311.3653078,NORMAL,0.0,0.0,False,,
633,1773774311.3972063,NORMAL,0.0,0.0,False,,
634,1773774311.4293742,NORMAL,0.0,0.0,False,,
635,1773774311.462227,NORMAL,0.0,0.0,False,,
636,1773774311.4930558,NORMAL,0.0,0.0,False,,
637,1773774311.5251002,NORMAL,0.0,0.0,False,,
638,1773774311.5735755,NORMAL,0.0,0.0,False,,
639,1773774311.6051385,NORMAL,0.0,0.0,False,,
640,1773774311.6372085,NORMAL,0.0,0.0,False,,
641,1773774311.6690795,NORMAL,0.0,0.0,False,,
642,1773774311.701107,NORMAL,0.0,0.0,False,,
643,1773774311.7331762,NORMAL,0.0,0.0,False,,
644,1773774311.7662039,NORMAL,0.0,0.0,False,,
645,1773774311.7972736,NORMAL,0.0,0.0,False,,
646,1773774311.8294952,NORMAL,0.0,0.0,False,,
647,1773774311.861464,NORMAL,0.0,0.0,False,,
648,1773774311.8933022,NORMAL,0.0,0.0,False,,
649,1773774311.9251993,NORMAL,0.0,0.0,False,,
650,1773774311.9740644,NORMAL,0.0,0.0,False,,
651,1773774312.0052774,NORMAL,0.0,0.0,False,,
652,1773774312.0370822,NORMAL,0.0,0.0,False,,
653,1773774312.069071,NORMAL,0.0,0.0,False,,
654,1773774312.101062,NORMAL,0.0,0.0,False,,
655,1773774312.1332006,NORMAL,0.0,0.0,False,,
656,1773774312.1655605,NORMAL,0.0,0.0,False,,
657,1773774312.1967902,NORMAL,0.0,0.0,False,,
658,1773774312.2294185,NORMAL,0.0,0.0,False,,
659,1773774312.261455,NORMAL,0.0,0.0,False,,
660,1773774312.2933676,NORMAL,0.0,0.0,False,,
661,1773774312.325232,NORMAL,0.0,0.0,False,,
662,1773774312.3733628,NORMAL,0.0,0.0,False,,
663,1773774312.4062388,NORMAL,0.0,0.0,False,,
664,1773774312.4373758,NORMAL,0.0,0.0,False,,
665,1773774312.4692874,NORMAL,0.0,0.0,False,,
666,1773774312.5013652,NORMAL,0.0,0.0,False,,
667,1773774312.532993,NORMAL,0.0,0.0,False,,
668,1773774312.5664191,NORMAL,0.0,0.0,False,,
669,1773774312.5987468,NORMAL,0.0,0.0,False,,
670,1773774312.629207,NORMAL,0.0,0.0,False,,
671,1773774312.6610782,NORMAL,0.0,0.0,False,,
672,1773774312.69321,NORMAL,0.0,0.0,False,,
673,1773774312.7249463,NORMAL,0.0,0.0,False,,
674,1773774312.7732124,NORMAL,0.0,0.0,False,,
675,1773774312.8051465,NORMAL,0.0,0.0,False,,
676,1773774312.8370242,NORMAL,0.0,0.0,False,,
677,1773774312.8690863,NORMAL,0.0,0.0,False,,
678,1773774312.901433,NORMAL,0.0,0.0,False,,
679,1773774312.9334476,NORMAL,0.0,0.0,False,,
680,1773774312.9650824,NORMAL,0.0,0.0,False,,
681,1773774312.9971838,NORMAL,0.0,0.0,False,,
682,1773774313.029087,NORMAL,0.0,0.0,False,,
683,1773774313.0610878,NORMAL,0.0,0.0,False,,
684,1773774313.09327,NORMAL,0.0,0.0,False,,
685,1773774313.1267138,NORMAL,0.0,0.0,False,,
686,1773774313.1731622,NORMAL,0.0,0.0,False,,
687,1773774313.205121,NORMAL,0.0,0.0,False,,
688,1773774313.2371283,NORMAL,0.0,0.0,False,,
689,1773774313.2690716,NORMAL,0.0,0.0,False,,
690,1773774313.3011205,NORMAL,0.0,0.0,False,,
691,1773774313.3334296,NORMAL,0.0,0.0,False,,
692,1773774313.3653872,NORMAL,0.0,0.0,False,,
693,1773774313.3973844,NORMAL,0.0,0.0,False,,
694,1773774313.429237,NORMAL,0.0,0.0,False,,
695,1773774313.461757,NORMAL,0.0,0.0,False,,
696,1773774313.4933877,NORMAL,0.0,0.0,False,,
697,1773774313.525368,NORMAL,0.0,0.0,False,,
698,1773774313.5733964,NORMAL,0.0,0.0,False,,
699,1773774313.6050994,NORMAL,0.0,0.0,False,,
700,1773774313.6364355,NORMAL,0.0,0.0,False,,
701,1773774313.6694078,NORMAL,0.0,0.0,False,,
702,1773774313.701071,NORMAL,0.0,0.0,False,,
703,1773774313.7335167,NORMAL,0.0,0.0,False,,
704,1773774313.765583,NORMAL,0.0,0.0,False,,
705,1773774313.7973692,NORMAL,0.0,0.0,False,,
706,1773774313.8286436,NORMAL,0.0,0.0,False,,
707,1773774313.8610792,NORMAL,0.0,0.0,False,,
708,1773774313.8931785,NORMAL,0.0,0.0,False,,
709,1773774313.9250975,NORMAL,0.0,0.0,False,,
710,1773774313.9731605,NORMAL,0.0,0.0,False,,
711,1773774314.0052457,NORMAL,0.0,0.0,False,,
712,1773774314.037135,NORMAL,0.0,0.0,False,,
713,1773774314.069828,NORMAL,0.0,0.0,False,,
714,1773774314.1017537,NORMAL,0.0,0.0,False,,
715,1773774314.1331446,NORMAL,0.0,0.0,False,,
716,1773774314.1652598,NORMAL,0.0,0.0,False,,
717,1773774314.1970806,NORMAL,0.0,0.0,False,,
718,1773774314.2288115,NORMAL,0.0,0.0,False,,
719,1773774314.261443,NORMAL,0.0,0.0,False,,
720,1773774314.293316,NORMAL,0.0,0.0,False,,
721,1773774314.3263688,NORMAL,0.0,0.0,False,,
722,1773774314.3731768,NORMAL,0.0,0.0,False,,
723,1773774314.405063,NORMAL,0.0,0.0,False,,
724,1773774314.43707,NORMAL,0.0,0.0,False,,
725,1773774314.4689994,NORMAL,0.0,0.0,False,,
726,1773774314.5021389,NORMAL,0.0,0.0,False,,
727,1773774314.5333965,NORMAL,0.0,0.0,False,,
728,1773774314.565386,NORMAL,0.0,0.0,False,,
729,1773774314.597179,NORMAL,0.0,0.0,False,,
730,1773774314.6294618,NORMAL,0.0,0.0,False,,
731,1773774314.6612802,NORMAL,0.0,0.0,False,,
732,1773774314.6933591,NORMAL,0.0,0.0,False,,
733,1773774314.725141,NORMAL,0.0,0.0,False,,
734,1773774314.7736487,NORMAL,0.0,0.0,False,,
735,1773774314.8053129,NORMAL,0.0,0.0,False,,
736,1773774314.8370354,NORMAL,0.0,0.0,False,,
737,1773774314.8691041,NORMAL,0.0,0.0,False,,
738,1773774314.9013958,NORMAL,0.0,0.0,False,,
739,1773774314.9334266,NORMAL,0.0,0.0,False,,
740,1773774314.966246,NORMAL,0.0,0.0,False,,
741,1773774314.9967892,NORMAL,0.0,0.0,False,,
742,1773774315.0290601,NORMAL,0.0,0.0,False,,
743,1773774315.0611985,NORMAL,0.0,0.0,False,,
744,1773774315.0931168,NORMAL,0.0,0.0,False,,
745,1773774315.1248431,NORMAL,0.0,0.0,False,,
746,1773774315.1731486,NORMAL,0.0,0.0,False,,
747,1773774315.2055945,NORMAL,0.0,0.0,False,,
748,1773774315.2370982,NORMAL,0.0,0.0,False,,
749,1773774315.2692404,NORMAL,0.0,0.0,False,,
750,1773774315.3011017,NORMAL,0.0,0.0,False,,
751,1773774315.3325942,NORMAL,0.0,0.0,False,,
752,1773774315.3650937,NORMAL,0.0,0.0,False,,
753,1773774315.3970366,NORMAL,0.0,0.0,False,,
754,1773774315.42966,NORMAL,0.0,0.0,False,,
755,1773774315.461294,NORMAL,0.0,0.0,False,,
756,1773774315.4940205,NORMAL,0.0,0.0,False,,
757,1773774315.5253205,NORMAL,0.0,0.0,False,,
758,1773774315.5731933,NORMAL,0.0,0.0,False,,
759,1773774315.6052835,NORMAL,0.0,0.0,False,,
760,1773774315.637075,NORMAL,0.0,0.0,False,,
761,1773774315.6688504,NORMAL,0.0,0.0,False,,
762,1773774315.7013595,NORMAL,0.0,0.0,False,,
763,1773774315.7334278,NORMAL,0.0,0.0,False,,
764,1773774315.7656114,NORMAL,0.0,0.0,False,,
765,1773774315.7971666,NORMAL,0.0,0.0,False,,
766,1773774315.8290975,NORMAL,0.0,0.0,False,,
767,1773774315.860657,NORMAL,0.0,0.0,False,,
768,1773774315.8930907,NORMAL,0.0,0.0,False,,
769,1773774315.9265573,NORMAL,0.0,0.0,False,,
770,1773774315.9731517,NORMAL,0.0,0.0,False,,
771,1773774316.0052395,NORMAL,0.0,0.0,False,,
772,1773774316.0373151,NORMAL,0.0,0.0,False,,
773,1773774316.0695188,NORMAL,0.0,0.0,False,,
774,1773774316.101502,NORMAL,0.0,0.0,False,,
775,1773774316.1333292,NORMAL,0.0,0.0,False,,
776,1773774316.165739,NORMAL,0.0,0.0,False,,
777,1773774316.1970885,NORMAL,0.0,0.0,False,,
778,1773774316.2292387,NORMAL,0.0,0.0,False,,
779,1773774316.260858,NORMAL,0.0,0.0,False,,
780,1773774316.2931206,NORMAL,0.0,0.0,False,,
781,1773774316.3250358,NORMAL,0.0,0.0,False,,
782,1773774316.373212,NORMAL,0.0,0.0,False,,
783,1773774316.4056377,NORMAL,0.0,0.0,False,,
784,1773774316.4375975,NORMAL,0.0,0.0,False,,
785,1773774316.4693422,NORMAL,0.0,0.0,False,,
786,1773774316.5009866,NORMAL,0.0,0.0,False,,
787,1773774316.5334518,NORMAL,0.0,0.0,False,,
788,1773774316.5654807,NORMAL,0.0,0.0,False,,
789,1773774316.5970995,NORMAL,0.0,0.0,False,,
790,1773774316.6291192,NORMAL,0.0,0.0,False,,
791,1773774316.661087,NORMAL,0.0,0.0,False,,
792,1773774316.6931455,NORMAL,0.0,0.0,False,,
793,1773774316.725117,NORMAL,0.0,0.0,False,,
794,1773774316.7731757,NORMAL,0.0,0.0,False,,
795,1773774316.8065221,NORMAL,0.0,0.0,False,,
796,1773774316.8371158,NORMAL,0.0,0.0,False,,
797,1773774316.8692856,NORMAL,0.0,0.0,False,,
798,1773774316.9015803,NORMAL,0.0,0.0,False,,
799,1773774316.933193,NORMAL,0.0,0.0,False,,
800,1773774316.966222,NORMAL,0.0,0.0,False,,
801,1773774316.9973686,NORMAL,0.0,0.0,False,,
802,1773774317.0292523,NORMAL,0.0,0.0,False,,
803,1773774317.0611963,NORMAL,0.0,0.0,False,,
804,1773774317.0932336,NORMAL,0.0,0.0,False,,
805,1773774317.125134,NORMAL,0.0,0.0,False,,
806,1773774317.1733758,NORMAL,0.0,0.0,False,,
807,1773774317.204987,NORMAL,0.0,0.0,False,,
808,1773774317.2369106,NORMAL,0.0,0.0,False,,
809,1773774317.2695243,NORMAL,0.0,0.0,False,,
810,1773774317.3013008,NORMAL,0.0,0.0,False,,
811,1773774317.3332427,NORMAL,0.0,0.0,False,,
812,1773774317.365251,NORMAL,0.0,0.0,False,,
813,1773774317.397083,NORMAL,0.0,0.0,False,,
814,1773774317.4292984,NORMAL,0.0,0.0,False,,
815,1773774317.461152,NORMAL,0.0,0.0,False,,
816,1773774317.4930224,NORMAL,0.0,0.0,False,,
817,1773774317.5250523,NORMAL,0.0,0.0,False,,
818,1773774317.5735211,NORMAL,0.0,0.0,False,,
819,1773774317.6055582,NORMAL,0.0,0.0,False,,
820,1773774317.6374075,NORMAL,0.0,0.0,False,,
821,1773774317.6691525,NORMAL,0.0,0.0,False,,
822,1773774317.702085,NORMAL,0.0,0.0,False,,
823,1773774317.733184,NORMAL,0.0,0.0,False,,
824,1773774317.7651517,NORMAL,0.0,0.0,False,,
825,1773774317.7975013,NORMAL,0.0,0.0,False,,
826,1773774317.829048,NORMAL,0.0,0.0,False,,
827,1773774317.8613887,NORMAL,0.0,0.0,False,,
828,1773774317.8932292,NORMAL,0.0,0.0,False,,
829,1773774317.9251041,NORMAL,0.0,0.0,False,,
830,1773774317.9731212,NORMAL,0.0,0.0,False,,
831,1773774318.0060513,NORMAL,0.0,0.0,False,,
832,1773774318.0372207,NORMAL,0.0,0.0,False,,
833,1773774318.0690584,NORMAL,0.0,0.0,False,,
834,1773774318.101035,NORMAL,0.0,0.0,False,,
835,1773774318.1332498,NORMAL,0.0,0.0,False,,
836,1773774318.165266,NORMAL,0.0,0.0,False,,
837,1773774318.1972866,NORMAL,0.0,0.0,False,,
838,1773774318.2299232,NORMAL,0.0,0.0,False,,
839,1773774318.2614727,NORMAL,0.0,0.0,False,,
840,1773774318.2939868,NORMAL,0.0,0.0,False,,
841,1773774318.3244703,NORMAL,0.0,0.0,False,,
842,1773774318.3731074,NORMAL,0.0,0.0,False,,
843,1773774318.4051094,NORMAL,0.0,0.0,False,,
844,1773774318.436846,NORMAL,0.0,0.0,False,,
845,1773774318.469386,NORMAL,0.0,0.0,False,,
846,1773774318.5017884,NORMAL,0.0,0.0,False,,
847,1773774318.5335052,NORMAL,0.0,0.0,False,,
848,1773774318.5653944,NORMAL,0.0,0.0,False,,
849,1773774318.5979164,NORMAL,0.0,0.0,False,,
850,1773774318.6293344,NORMAL,0.0,0.0,False,,
851,1773774318.6612983,NORMAL,0.0,0.0,False,,
852,1773774318.6931813,NORMAL,0.0,0.0,False,,
853,1773774318.7270179,NORMAL,0.0,0.0,False,,
854,1773774318.7740402,NORMAL,0.0,0.0,False,,
855,1773774318.8053377,NORMAL,0.0,0.0,False,,
856,1773774318.8370864,NORMAL,0.0,0.0,False,,
857,1773774318.8690355,NORMAL,0.0,0.0,False,,
858,1773774318.9017375,NORMAL,0.0,0.0,False,,
859,1773774318.933436,NORMAL,0.0,0.0,False,,
860,1773774318.9649467,NORMAL,0.0,0.0,False,,
861,1773774318.9970248,NORMAL,0.0,0.0,False,,
862,1773774319.029273,NORMAL,0.0,0.0,False,,
863,1773774319.0612643,NORMAL,0.0,0.0,False,,
864,1773774319.093207,NORMAL,0.0,0.0,False,,
865,1773774319.1252706,NORMAL,0.0,0.0,False,,
866,1773774319.1733046,NORMAL,0.0,0.0,False,,
867,1773774319.2066145,NORMAL,0.0,0.0,False,,
868,1773774319.2373147,NORMAL,0.0,0.0,False,,
869,1773774319.269218,NORMAL,0.0,0.0,False,,
870,1773774319.3010142,NORMAL,0.0,0.0,False,,
871,1773774319.3332322,NORMAL,0.0,0.0,False,,
872,1773774319.3652682,NORMAL,0.0,0.0,False,,
873,1773774319.3970983,NORMAL,0.0,0.0,False,,
874,1773774319.4290996,NORMAL,0.0,0.0,False,,
875,1773774319.4610484,NORMAL,0.0,0.0,False,,
876,1773774319.4929907,NORMAL,0.0,0.0,False,,
877,1773774319.5251272,NORMAL,0.0,0.0,False,,
878,1773774319.5737207,NORMAL,0.0,0.0,False,,
879,1773774319.605758,NORMAL,0.0,0.0,False,,
880,1773774319.6372888,NORMAL,0.0,0.0,False,,
881,1773774319.669112,NORMAL,0.0,0.0,False,,
882,1773774319.7005775,NORMAL,0.0,0.0,False,,
883,1773774319.733395,NORMAL,0.0,0.0,False,,
884,1773774319.766866,NORMAL,0.0,0.0,False,,
885,1773774319.7974482,NORMAL,0.0,0.0,False,,
886,1773774319.8292518,NORMAL,0.0,0.0,False,,
887,1773774319.8612854,NORMAL,0.0,0.0,False,,
888,1773774319.8930058,NORMAL,0.0,0.0,False,,
889,1773774319.9252026,NORMAL,0.0,0.0,False,,
890,1773774319.9733405,NORMAL,0.0,0.0,False,,
891,1773774320.005151,NORMAL,0.0,0.0,False,,
892,1773774320.0370512,NORMAL,0.0,0.0,False,,
893,1773774320.069105,NORMAL,0.0,0.0,False,,
894,1773774320.1010923,NORMAL,0.0,0.0,False,,
895,1773774320.133143,NORMAL,0.0,0.0,False,,
896,1773774320.1652567,NORMAL,0.0,0.0,False,,
897,1773774320.1979518,NORMAL,0.0,0.0,False,,
898,1773774320.2322206,NORMAL,0.0,0.0,False,,
899,1773774320.261163,NORMAL,0.0,0.0,False,,
900,1773774320.2933435,NORMAL,0.0,0.0,False,,
901,1773774320.3293364,NORMAL,0.0,0.0,False,,
902,1773774320.3737216,NORMAL,0.0,0.0,False,,
903,1773774320.4114754,NORMAL,0.0,0.0,False,,
904,1773774320.4405184,NORMAL,0.0,0.0,False,,
905,1773774320.4708638,NORMAL,0.0,0.0,False,,
906,1773774320.5007582,NORMAL,0.0,0.0,False,,
907,1773774320.5330446,NORMAL,0.0,0.0,False,,
908,1773774320.5652442,NORMAL,0.0,0.0,False,,
909,1773774320.597154,NORMAL,0.0,0.0,False,,
910,1773774320.6290839,NORMAL,0.0,0.0,False,,
911,1773774320.661577,NORMAL,0.0,0.0,False,,
912,1773774320.693065,NORMAL,0.0,0.0,False,,
913,1773774320.7249274,NORMAL,0.0,0.0,False,,
914,1773774320.7731724,NORMAL,0.0,0.0,False,,
915,1773774320.805181,NORMAL,0.0,0.0,False,,
916,1773774320.8369946,NORMAL,0.0,0.0,False,,
917,1773774320.8690639,NORMAL,0.0,0.0,False,,
918,1773774320.9017363,NORMAL,0.0,0.0,False,,
919,1773774320.9332325,NORMAL,0.0,0.0,False,,
920,1773774320.965423,NORMAL,0.0,0.0,False,,
921,1773774320.9971733,NORMAL,0.0,0.0,False,,
922,1773774321.0286567,NORMAL,0.0,0.0,False,,
923,1773774321.061082,NORMAL,0.0,0.0,False,,
924,1773774321.0930853,NORMAL,0.0,0.0,False,,
925,1773774321.125178,NORMAL,0.0,0.0,False,,
926,1773774321.1733782,NORMAL,0.0,0.0,False,,
927,1773774321.2054431,NORMAL,0.0,0.0,False,,
928,1773774321.2370331,NORMAL,0.0,0.0,False,,
929,1773774321.2690094,NORMAL,0.0,0.0,False,,
930,1773774321.3012996,NORMAL,0.0,0.0,False,,
931,1773774321.3339257,NORMAL,0.0,0.0,False,,
932,1773774321.3652081,NORMAL,0.0,0.0,False,,
933,1773774321.3973005,NORMAL,0.0,0.0,False,,
934,1773774321.4290411,NORMAL,0.0,0.0,False,,
935,1773774321.460949,NORMAL,0.0,0.0,False,,
936,1773774321.4930437,NORMAL,0.0,0.0,False,,
937,1773774321.5250397,NORMAL,0.0,0.0,False,,
938,1773774321.5732265,NORMAL,0.0,0.0,False,,
939,1773774321.6054063,NORMAL,0.0,0.0,False,,
940,1773774321.6372147,NORMAL,0.0,0.0,False,,
941,1773774321.6686373,NORMAL,0.0,0.0,False,,
942,1773774321.7010944,NORMAL,0.0,0.0,False,,
943,1773774321.7331684,NORMAL,0.0,0.0,False,,
944,1773774321.7651598,NORMAL,0.0,0.0,False,,
945,1773774321.7975767,NORMAL,0.0,0.0,False,,
946,1773774321.829391,NORMAL,0.0,0.0,False,,
947,1773774321.8610687,NORMAL,0.0,0.0,False,,
948,1773774321.8938096,NORMAL,0.0,0.0,False,,
949,1773774321.925322,NORMAL,0.0,0.0,False,,
950,1773774321.9736686,NORMAL,0.0,0.0,False,,
951,1773774322.006552,NORMAL,0.0,0.0,False,,
952,1773774322.0372534,NORMAL,0.0,0.0,False,,
953,1773774322.0691442,NORMAL,0.0,0.0,False,,
954,1773774322.10121,NORMAL,0.0,0.0,False,,
955,1773774322.1331847,NORMAL,0.0,0.0,False,,
956,1773774322.1652896,NORMAL,0.0,0.0,False,,
957,1773774322.1970744,NORMAL,0.0,0.0,False,,
958,1773774322.2290137,NORMAL,0.0,0.0,False,,
959,1773774322.2610643,NORMAL,0.0,0.0,False,,
960,1773774322.2930894,NORMAL,0.0,0.0,False,,
961,1773774322.3265007,NORMAL,0.0,0.0,False,,
962,1773774322.3731253,NORMAL,0.0,0.0,False,,
963,1773774322.4055054,NORMAL,0.0,0.0,False,,
964,1773774322.437379,NORMAL,0.0,0.0,False,,
965,1773774322.4691346,NORMAL,0.0,0.0,False,,
966,1773774322.501206,NORMAL,0.0,0.0,False,,
967,1773774322.533945,NORMAL,0.0,0.0,False,,
968,1773774322.5656245,NORMAL,0.0,0.0,False,,
969,1773774322.5975504,NORMAL,0.0,0.0,False,,
970,1773774322.6293948,NORMAL,0.0,0.0,False,,
971,1773774322.66128,NORMAL,0.0,0.0,False,,
972,1773774322.6933668,NORMAL,0.0,0.0,False,,
973,1773774322.7254176,NORMAL,0.0,0.0,False,,
974,1773774322.773248,NORMAL,0.0,0.0,False,,
975,1773774322.806765,NORMAL,0.0,0.0,False,,
976,1773774322.8374496,NORMAL,0.0,0.0,False,,
977,1773774322.8698542,NORMAL,0.0,0.0,False,,
978,1773774322.9012704,NORMAL,0.0,0.0,False,,
979,1773774322.933252,NORMAL,0.0,0.0,False,,
980,1773774322.965109,NORMAL,0.0,0.0,False,,
981,1773774322.9972334,NORMAL,0.0,0.0,False,,
982,1773774323.0291827,NORMAL,0.0,0.0,False,,
983,1773774323.0610967,NORMAL,0.0,0.0,False,,
984,1773774323.0931978,NORMAL,0.0,0.0,False,,
985,1773774323.1253002,NORMAL,0.0,0.0,False,,
986,1773774323.1743894,NORMAL,0.0,0.0,False,,
987,1773774323.205466,NORMAL,0.0,0.0,False,,
988,1773774323.2370305,NORMAL,0.0,0.0,False,,
989,1773774323.2686708,NORMAL,0.0,0.0,False,,
990,1773774323.3012054,NORMAL,0.0,0.0,False,,
991,1773774323.3331425,NORMAL,0.0,0.0,False,,
992,1773774323.3651695,NORMAL,0.0,0.0,False,,
993,1773774323.3970723,NORMAL,0.0,0.0,False,,
994,1773774323.4292746,NORMAL,0.0,0.0,False,,
995,1773774323.461213,NORMAL,0.0,0.0,False,,
996,1773774323.493123,NORMAL,0.0,0.0,False,,
997,1773774323.5251906,NORMAL,0.0,0.0,False,,
998,1773774323.5732403,NORMAL,0.0,0.0,False,,
999,1773774323.605223,NORMAL,0.0,0.0,False,,
1000,1773774323.637051,NORMAL,0.0,0.0,False,,
1001,1773774323.6699643,NORMAL,0.0,0.0,False,,
1002,1773774323.7006853,NORMAL,0.0,0.0,False,,
1003,1773774323.7343113,NORMAL,0.0,0.0,False,,
1004,1773774323.7657266,NORMAL,0.0,0.0,False,,
1005,1773774323.796607,NORMAL,0.0,0.0,False,,
1006,1773774323.829191,NORMAL,0.0,0.0,False,,
1007,1773774323.8610458,NORMAL,0.0,0.0,False,,
1008,1773774323.8931386,NORMAL,0.0,0.0,False,,
1009,1773774323.924678,NORMAL,0.0,0.0,False,,
1010,1773774323.9731405,NORMAL,0.0,0.0,False,,
1011,1773774324.0049646,NORMAL,0.0,0.0,False,,
1012,1773774324.0370922,NORMAL,0.0,0.0,False,,
1013,1773774324.069063,NORMAL,0.0,0.0,False,,
1014,1773774324.1010146,NORMAL,0.0,0.0,False,,
1015,1773774324.1330733,NORMAL,0.0,0.0,False,,
1016,1773774324.1665978,NORMAL,0.0,0.0,False,,
1017,1773774324.1975455,NORMAL,0.0,0.0,False,,
1018,1773774324.2293282,NORMAL,0.0,0.0,False,,
1019,1773774324.2609403,NORMAL,0.0,0.0,False,,
1020,1773774324.2932382,NORMAL,0.0,0.0,False,,
1021,1773774324.3253899,NORMAL,0.0,0.0,False,,
1022,1773774324.3731256,NORMAL,0.0,0.0,False,,
1023,1773774324.4050655,NORMAL,0.0,0.0,False,,
1024,1773774324.4370313,NORMAL,0.0,0.0,False,,
1025,1773774324.469442,NORMAL,0.0,0.0,False,,
1026,1773774324.5021327,NORMAL,0.0,0.0,False,,
1027,1773774324.533325,NORMAL,0.0,0.0,False,,
1028,1773774324.5656292,NORMAL,0.0,0.0,False,,
1029,1773774324.5965211,NORMAL,0.0,0.0,False,,
1030,1773774324.6290288,NORMAL,0.0,0.0,False,,
1031,1773774324.6613646,NORMAL,0.0,0.0,False,,
1032,1773774324.6933577,NORMAL,0.0,0.0,False,,
1033,1773774324.7252767,NORMAL,0.0,0.0,False,,
1034,1773774324.7731988,NORMAL,0.0,0.0,False,,
1035,1773774324.8050177,NORMAL,0.0,0.0,False,,
1036,1773774324.8373141,NORMAL,0.0,0.0,False,,
1037,1773774324.8693376,NORMAL,0.0,0.0,False,,
1038,1773774324.901072,NORMAL,0.0,0.0,False,,
1039,1773774324.9335952,NORMAL,0.0,0.0,False,,
1040,1773774324.9654639,NORMAL,0.0,0.0,False,,
1041,1773774324.9970634,NORMAL,0.0,0.0,False,,
1042,1773774325.0287964,NORMAL,0.0,0.0,False,,
1043,1773774325.061041,NORMAL,0.0,0.0,False,,
1044,1773774325.093252,NORMAL,0.0,0.0,False,,
1045,1773774325.125537,NORMAL,0.0,0.0,False,,
1046,1773774325.1731262,NORMAL,0.0,0.0,False,,
1047,1773774325.205285,NORMAL,0.0,0.0,False,,
1048,1773774325.2370346,NORMAL,0.0,0.0,False,,
1049,1773774325.2682476,NORMAL,0.0,0.0,False,,
1050,1773774325.3014207,NORMAL,0.0,0.0,False,,
1051,1773774325.3332062,NORMAL,0.0,0.0,False,,
1052,1773774325.3653424,NORMAL,0.0,0.0,False,,
1053,1773774325.3978007,NORMAL,0.0,0.0,False,,
1054,1773774325.428972,NORMAL,0.0,0.0,False,,
1055,1773774325.4613698,NORMAL,0.0,0.0,False,,
1056,1773774325.4930453,NORMAL,0.0,0.0,False,,
1057,1773774325.5253623,NORMAL,0.0,0.0,False,,
1058,1773774325.5576274,NORMAL,0.0,0.0,False,,
1059,1773774325.6051755,NORMAL,0.0,0.0,False,,
1060,1773774325.6372054,NORMAL,0.0,0.0,False,,
1061,1773774325.6682992,NORMAL,0.0,0.0,False,,
1062,1773774325.7011008,NORMAL,0.0,0.0,False,,
1063,1773774325.733135,NORMAL,0.0,0.0,False,,
1064,1773774325.7663414,NORMAL,0.0,0.0,False,,
1065,1773774325.7966983,NORMAL,0.0,0.0,False,,
1066,1773774325.8294163,NORMAL,0.0,0.0,False,,
1067,1773774325.8612502,NORMAL,0.0,0.0,False,,
1068,1773774325.8923426,NORMAL,0.0,0.0,False,,
1069,1773774325.9251611,NORMAL,0.0,0.0,False,,
1070,1773774325.961853,NORMAL,0.0,0.0,False,,
